"The data provides a comprehensive look at the NFL's financial thresholds, primarily focusing on the Salary Cap Maximum and its annual changes from 1994 to 2025.

Here are the key takeaways from the analysis:
1. Massive and Consistent Growth in Salary Cap Maximum
The NFL Salary Cap has experienced dramatic and largely consistent growth since its inception.
• Total Growth: The Cap Maximum grew by over $244 million from 1994 ($34.6 million) to 2025 ($279.2 million).
• Percentage Increase: This represents a total growth of approximately 706.94% over the 31-year period.
• Annual Rate of Increase: The Compound Annual Growth Rate (CAGR) for the Cap Maximum is approximately 6.97%.


2. Significant Recent Volatility in Cap Changes
While the overall trend is upward, the data highlights two particularly volatile years with the largest dollar-value changes.
• Largest Dollar Increase (2024): The largest year-over-year dollar increase in the cap occurred in 2024, rising by $30.6 million to $255.4 million, representing a 13.61% jump.
• Largest Dollar Decrease (2021): The only dollar decrease in the entire history was in 2021, when the cap dropped by $15.7 million (a -7.92% change) to $182.5 million. This decrease in 2021 is also the largest percentage decrease recorded in the dataset.
• Largest Percentage Increase (1998): Although the largest dollar increase was recent, the largest percentage increase occurred in 1998, when the cap rose by 26.27% ($10.9 million).

The chart below visualizes the growth of the NFL Salary Cap Maximum over time, supporting the analysis above.
NFL Salary Cap Maximum Trend (1994-2025)
This line chart illustrates the near-continuous upward trajectory of the Salary Cap Maximum, clearly showing the one significant dip in 2021 and the sharp increase leading up to the 2025 projected cap.",,,,,Winning %,Average Margin of Victory,Offensive Yards Rank,Source
2025,"$279,200,000","+$23,800,000",9.32%,Not in source,Not in source,Not in source,Not in source,1-9
2024,"$255,400,000","+$30,600,000",13.61%,Not in source,50.02%,Not in source,Fewest passing yards per game since 1993 (Projected),"1, 2, 10-17"
2023,"$224,800,000","+$16,600,000",7.97%,Not in source,50.02%,Not in source,Scoring lowest in over a decade,"1, 10, 11, 14, 18"
2022,"$208,200,000","+$25,700,000",14.08%,Not in source,Not in source,Not in source,Not in source,"1, 14, 18"
2021,"$182,500,000","-$15,700,000",-7.92%,Not in source,Not in source,Not in source,Not in source,"1, 6, 14"
2020,"$198,200,000","+$10,000,000",5.31%,Not in source,Not in source,Not in source,Not in source,"1, 6, 14"
2019,"$188,200,000","+$11,000,000",6.21%,Not in source,Not in source,Not in source,Not in source,"1, 6, 14"
2018,"$177,200,000","+$10,200,000",6.11%,Not in source,Not in source,Not in source,Not in source,"1, 14"
2017,"$167,000,000","+$11,730,000",7.55%,Not in source,Not in source,Not in source,Not in source,"1, 14"
2016,"$155,270,000","+$11,990,000",8.37%,Not in source,Not in source,Not in source,Not in source,"1, 14"
2015,"$143,280,000","+$10,280,000",7.73%,Not in source,Not in source,Not in source,Not in source,"1, 14"
2014,"$133,000,000","+$10,000,000",8.13%,Not in source,Not in source,Not in source,Not in source,1
2013,"$123,000,000","+$2,400,000",1.99%,Not in source,50.02%,Not in source,Not in source,"1, 6, 10"
2012,"$120,600,000","+$600,000",0.50%,Not in source,Not in source,Not in source,Not in source,1
2011,"$120,400,000",Not in source,-2.00%,Not in source,Not in source,Not in source,Not in source,"1, 6, 8"
2010,No Cap,Not in source,Not in source,Not in source,Not in source,Not in source,Not in source,1
2009,"$128,000,000","+$12,000,000",10.34%,4.21,49.97%,0.0003,16.43,"1, 6, 19"
2008,"$116,000,000","+$7,000,000",6.42%,4.21,49.97%,0.0003,16.43,"1, 19, 20"
2007,"$109,000,000","+$7,000,000",6.86%,4.21,49.97%,0.0003,16.43,"1, 19"
2006,"$102,000,000","+$16,500,000",19.30%,4.21,49.97%,0.0003,16.43,"1, 6, 19"
2005,"$85,500,000","+$4,900,000",6.08%,4.21,49.97%,0.0003,16.43,"1, 19"
2004,"$80,600,000","+$5,600,000",7.47%,4.21,49.97%,0.0003,16.43,"1, 19"
2003,"$75,000,000","+$3,900,000",5.49%,4.21,49.97%,0.0003,16.43,"1, 19"
2002,"$71,100,000","+$3,700,000",5.49%,4.21,49.97%,0.0003,16.43,"1, 19"
2001,"$67,400,000","+$4,200,000",6.65%,4.21,49.97%,0.0003,16.43,"1, 6, 19"
2000,"$63,200,000","+$5,900,000",10.30%,4.21,49.97%,0.0003,16.43,"1, 19"
1999,"$57,300,000","+$4,900,000",9.35%,Not in source,Not in source,Not in source,Not in source,1
1998,"$52,400,000","+$10,900,000",26.27%,Not in source,Not in source,Not in source,Not in source,1
1997,"$41,500,000","+$700,000",1.72%,Not in source,Not in source,Not in source,Not in source,1
1996,"$40,800,000","+$3,700,000",9.97%,Not in source,Not in source,Not in source,Not in source,1
1995,"$37,100,000","+$2,500,000",7.23%,Not in source,Not in source,Not in source,Not in source,1
1994,"$34,600,000",Not in source,Not in source,Not in source,Not in source,Not in source,Not in source,"1, 10, 21"